Workbook

Sheet Mero_rendetlen
A1: Mero | B1: Datum | C1: Gaz | D1: Nap | E1: Rate
A2: =[1]Mérők!A5 -> 15933.3 | B2: =[1]Mérők!C5 -> 43440.338 | C2: =[1]Mérők!D5 -> 501.4 | D2: =[1]Mérők!E5 -> 78.3375 | E2: =[1]Mérők!F5 -> 6.4005106
A3: =[1]Mérők!A6 -> 16005.49 | B3: =[1]Mérők!C6 -> 43445.324 | C3: =[1]Mérők!D6 -> 72.19 | D3: =[1]Mérők!E6 -> 4.9868056 | E3: =[1]Mérők!F6 -> 14.476201
A4: =[1]Mérők!A7 -> 16117.359 | B4: =[1]Mérők!C7 -> 43452.411 | C4: =[1]Mérők!D7 -> 111.869 | D4: =[1]Mérők!E7 -> 7.0868056 | E4: =[1]Mérők!F7 -> 15.785533
A5: =[1]Mérők!A8 -> 16151.15 | B5: =[1]Mérők!C8 -> 43454.633 | C5: =[1]Mérők!D8 -> 33.791 | D5: =[1]Mérők!E8 -> 2.2222222 | E5: =[1]Mérők!F8 -> 15.20595
A6: =[1]Mérők!A9 -> 16199.37 | B6: =[1]Mérők!C9 -> 43457.472 | C6: =[1]Mérők!D9 -> 48.22 | D6: =[1]Mérők!E9 -> 2.8381944 | E6: =[1]Mérők!F9 -> 16.989675
A7: =[1]Mérők!A10 -> 16211.38 | B7: =[1]Mérők!C10 -> 43458.463 | C7: =[1]Mérők!D10 -> 12.01 | D7: =[1]Mérők!E10 -> 0.99166667 | E7: =[1]Mérők!F10 -> 12.110924
A8: =[1]Mérők!A11 -> 16228.789 | B8: =[1]Mérők!C11 -> 43459.949 | C8: =[1]Mérők!D11 -> 17.409 | D8: =[1]Mérők!E11 -> 1.4854167 | E8: =[1]Mérők!F11 -> 11.719944
A9: =[1]Mérők!A12 -> 16268.3 | B9: =[1]Mérők!C12 -> 43462.562 | C9: =[1]Mérők!D12 -> 39.511 | D9: =[1]Mérők!E12 -> 2.6131944 | E9: =[1]Mérők!F12 -> 15.119809
A10: =[1]Mérők!A13 -> 16294.747 | B10: =[1]Mérők!C13 -> 43464.726 | C10: =[1]Mérők!D13 -> 26.447 | D10: =[1]Mérők!E13 -> 2.1638889 | E10: =[1]Mérők!F13 -> 12.221977
A11: =[1]Mérők!A14 -> 16320.681 | B11: =[1]Mérők!C14 -> 43466.54 | C11: =[1]Mérők!D14 -> 25.934 | D11: =[1]Mérők!E14 -> 1.8138889 | E11: =[1]Mérők!F14 -> 14.297458
A12: =[1]Mérők!A15 -> 16331.909 | B12: =[1]Mérők!C15 -> 43467.307 | C12: =[1]Mérők!D15 -> 11.228 | D12: =[1]Mérők!E15 -> 0.76736111 | E12: =[1]Mérők!F15 -> 14.631964
A13: =[1]Mérők!A16 -> 16372.5 | B13: =[1]Mérők!C16 -> 43469.88 | C13: =[1]Mérők!D16 -> 40.591 | D13: =[1]Mérők!E16 -> 2.5729167 | E13: =[1]Mérők!F16 -> 15.776259
... A500: =[1]Mérők!A503 -> 0 | B500: =[1]Mérők!C503 -> 0 | C500: =[1]Mérők!D503 -> 0 | D500: =[1]Mérők!E503 -> 0 | E500: =[1]Mérők!F503 -> 0
